policy,n_episodes,avg_raw_payoff,avg_discounted_payoff,exercise_rate
always_hold,2000,6.470359304411082,6.282899896661934,0.0
immediate_exercise,2000,1.822517915676842,1.8185559039417454,0.9045
random_p05,2000,3.662676164517764,3.609037201909683,0.918
tabular_q,2000,4.13978375555409,4.117504027764613,0.7665
