{
  "mean": {
    "S0": 99.5380481388524,
    "K": 100.21948366339969,
    "T": 1.0245053178537846,
    "r": 0.05034794370142789,
    "sigma": 0.3249603356194369
  },
  "std": {
    "S0": 28.87821871592867,
    "K": 28.963652000854147,
    "T": 0.5626699097604184,
    "r": 0.028842768262133105,
    "sigma": 0.15872514303847782
  }
}